"AgencyCd","SiteNo","AgencyNm","SiteName","DecLatVa","DecLongVa","HorzDatum","HorzMethod","HorzAcy","AltVa","AltUnits","AltUnitsNm","AltDatumCd","AltMethod","AltAcy","WellDepth","WellDepthUnits","WellDepthUnitsNm","NatAquiferCd","NatAqfrDesc","CountryCd","CountryNm","StateCd","StateNm","CountyCd","CountyNm","LocalAquiferName","SiteType","AquiferType","QwSysName","QwSnFlag","QwSnDesc","QwBaselineFlag","QwBaselineDesc","QwWellChars","QwWellCharsDesc","QwWellType","QwWellTypeDesc","QwWellPurpose","QwWellPurposeDesc","WlSnFlag","WlSnDesc","WlBaselineFlag","WlBaselineDesc","Link","SiteId"
"USGS","394528075004301","U.S. Geological Survey","070841-- Nu06","39.75752777777780266887930338","-75.01097222222219329523795750","NAD83","North American Datum of 1983","5","175","1","Feet","NGVD29","M","5.0","54","1","Feet","S100NATLCP","Northern Atlantic Coastal Plain aquifer system","US","United States of America","34","New Jersey","007","Camden County","Cohansey Sand-Kirkwood Formation","WELL","UNCONFINED","NAWQA linjlusrc1 Network","1","Yes","1","Yes","3","Known Changes","3","Special","1","Dedicated Monitoring/Observation","0","No","0","No","https://waterdata.usgs.gov/monitoring-location/394528075004301","USGS-394528075004301"
"USGS","392824074272801","U.S. Geological Survey","011269-- Suscp08","39.47327777777780255519246566","-74.45705555555559840286150575","NAD83","North American Datum of 1983","5","45","1","Feet","NGVD29","M","2.5","70","1","Feet","S100NATLCP","Northern Atlantic Coastal Plain aquifer system","US","United States of America","34","New Jersey","001","Atlantic County","Cohansey Sand-Kirkwood Formation","WELL","UNCONFINED","NAWQA linjsus2 Network","1","Yes","1","Yes","3","Known Changes","3","Special","2","Other","0","No","0","No","https://waterdata.usgs.gov/monitoring-location/392824074272801","USGS-392824074272801"
"USGS","394657074554501","U.S. Geological Survey","070857-- Nu26","39.78241666666669829055535956","-74.93183333333330153891438385","NAD83","North American Datum of 1983","5","155","1","Feet","NGVD29","M","5.0","20","1","Feet","S100NATLCP","Northern Atlantic Coastal Plain aquifer system","US","United States of America","34","New Jersey","007","Camden County","Cohansey Sand-Kirkwood Formation","WELL","UNCONFINED","NAWQA linjlusrc1 Network","1","Yes","1","Yes","3","Known Changes","3","Special","1","Dedicated Monitoring/Observation","0","No","0","No","https://waterdata.usgs.gov/monitoring-location/394657074554501","USGS-394657074554501"
"USGS","394428075044601","U.S. Geological Survey","151211-- Nu03","39.74122222222219846798907383","-75.07891666666670005270134425","NAD83","North American Datum of 1983","5","147","1","Feet","NGVD29","M","5.0","32","1","Feet","S100NATLCP","Northern Atlantic Coastal Plain aquifer system","US","United States of America","34","New Jersey","015","Gloucester County","Cohansey Sand-Kirkwood Formation","WELL","UNCONFINED","NAWQA linjlusrc1 Network","1","Yes","1","Yes","3","Known Changes","3","Special","1","Dedicated Monitoring/Observation","0","No","0","No","https://waterdata.usgs.gov/monitoring-location/394428075044601","USGS-394428075044601"
"USGS","394838074533601","U.S. Geological Survey","051421-- Suscp19 Dom","39.81108333333330051573284436","-74.89261111111109414650854887","NAD83","North American Datum of 1983","5","126","1","Feet","NGVD29","M","5.0","70","1","Feet","S100NATLCP","Northern Atlantic Coastal Plain aquifer system","US","United States of America","34","New Jersey","005","Burlington County","Cohansey Sand-Kirkwood Formation","WELL","UNCONFINED","NAWQA linjsus2 Network","1","Yes","1","Yes","3","Known Changes","3","Special","2","Other","0","No","0","No","https://waterdata.usgs.gov/monitoring-location/394838074533601","USGS-394838074533601"
"USGS","393946074582901","U.S. Geological Survey","151218-- Nu10","39.66355555555559675440235878","-74.97455555555559669755893992","NAD83","North American Datum of 1983","5","130","1","Feet","NGVD29","M","5.0","17","1","Feet","S100NATLCP","Northern Atlantic Coastal Plain aquifer system","US","United States of America","34","New Jersey","015","Gloucester County","Cohansey Sand-Kirkwood Formation","WELL","UNCONFINED","","1","Yes","1","Yes","3","Known Changes","3","Special","1","Dedicated Monitoring/Observation","0","No","0","No","https://waterdata.usgs.gov/monitoring-location/393946074582901","USGS-393946074582901"
"USGS","392920075011901","U.S. Geological Survey","110931-- Ou02","39.48883333333329659353694296","-75.02130555555559965341672068","NAD83","North American Datum of 1983","5","114","1","Feet","NGVD29","M","5.0","51","1","Feet","S100NATLCP","Northern Atlantic Coastal Plain aquifer system","US","United States of America","34","New Jersey","011","Cumberland County","Cohansey Sand-Kirkwood Formation","WELL","UNCONFINED","NJ WSC NWIS QWDATA DATABASE","1","Yes","0","No","3","Known Changes","1","Surveillance","1","Dedicated Monitoring/Observation","0","No","0","No","https://waterdata.usgs.gov/monitoring-location/392920075011901","USGS-392920075011901"
"USGS","400122074113801","U.S. Geological Survey","291277-- Suscp25 Dom","40.02280555555559971026013955","-74.19350000000000022737367544","NAD83","North American Datum of1983","5","70","1","Feet","NGVD29","M","2.5","175","1","Feet","S100NATLCP","Northern Atlantic Coastal Plain aquifer system","US","United States of America","34","New Jersey","029","Ocean County","Cohansey Sand-Kirkwood Formation","WELL","UNCONFINED","NAWQA linjsus2 Network","1","Yes","1","Yes","3","Known Changes","3","Special","2","Other","0","No","0","No","https://waterdata.usgs.gov/monitoring-location/400122074113801","USGS-400122074113801"
"USGS","401229074290001","U.S. Geological Survey","250800-- MW72","40.20816658401619747564836871","-74.48292982853679689014825271","NAD27","North American Datum of 1927","S","152","1","Feet","NGVD29","M","5.0","18.5","1","Feet","S100NATLCP","Northern Atlantic Coastal Plain aquifer system","US","United States of America","34","New Jersey","025","Monmouth County","Mount Laurel Sand-Wenonah Formation","WELL","UNCONFINED","NJ WSC NWIS QWDATA DATABASE","1","Yes","0","No","3","Known Changes","1","Surveillance","1","Dedicated Monitoring/Observation","1","Yes","1","Yes","https://waterdata.usgs.gov/monitoring-location/401229074290001","USGS-401229074290001"
"USGS","394348074595301","U.S. Geological Survey","070844-- Nu13","39.72963888888889982808905188","-74.99713888888889812278648606","NAD83","North American Datum of 1983","5","160","1","Feet","NGVD29","M","5.0","34","1","Feet","S100NATLCP","Northern Atlantic Coastal Plain aquifer system","US","United States of America","34","New Jersey","007","Camden County","Cohansey Sand-Kirkwood Formation","WELL","UNCONFINED","NAWQA linjlusrc1 Network","1","Yes","1","Yes","3","Known Changes","3","Special","1","Dedicated Monitoring/Observation","0","No","0","No","https://waterdata.usgs.gov/monitoring-location/394348074595301","USGS-394348074595301"
"USGS","394934074550801","U.S. Geological Survey","070862-- Nu27","39.82833333333329761671848246","-74.91911111111110699312121142","NAD83","North American Datum of 1983","5","115","1","Feet","NGVD29","M","5.0","14","1","Feet","S100NATLCP","Northern Atlantic Coastal Plain aquifer system","US","United States of America","34","New Jersey","007","Camden County","Cohansey Sand-Kirkwood Formation","WELL","UNCONFINED","NAWQA linjlusrc1 Network","1","Yes","1","Yes","3","Known Changes","3","Special","1","Dedicated Monitoring/Observation","0","No","0","No","https://waterdata.usgs.gov/monitoring-location/394934074550801","USGS-394934074550801"
"USGS","394606074591801","U.S. Geological Survey","070837-- Nu07","39.76813888888889891859435011","-74.98838888888890608086512657","NAD83","North American Datum of 1983","5","170","1","Feet","NGVD29","M","5.0","34","1","Feet","S100NATLCP","Northern Atlantic Coastal Plain aquifer system","US","United States of America","34","New Jersey","007","Camden County","Cohansey Sand-Kirkwood Formation","WELL","UNCONFINED","NAWQA linjlusrc1 Network","1","Yes","1","Yes","3","Known Changes","3","Special","1","Dedicated Monitoring/Observation","0","No","0","No","https://waterdata.usgs.gov/monitoring-location/394606074591801","USGS-394606074591801"
"USGS","394457075040001","U.S. Geological Survey","151212-- Nu04","39.74944444444439994867934729","-75.06674999999999897681846051","NAD83","North American Datum of 1983","5","120","1","Feet","NGVD29","M","5.0","22","1","Feet","S100NATLCP","Northern Atlantic Coastal Plain aquifer system","US","United States of America","34","New Jersey","015","Gloucester County","Cohansey Sand-Kirkwood Formation","WELL","UNCONFINED","NAWQA linjlusrc1 Network","1","Yes","1","Yes","3","Known Changes","3","Special","1","Dedicated Monitoring/Observation","0","No","0","No","https://waterdata.usgs.gov/monitoring-location/394457075040001","USGS-394457075040001"
"USGS","394034074482001","U.S. Geological Survey","070966-- Suscp02 Dom","39.67672222222220312914942042","-74.80522222222219852483249269","NAD83","North American Datum of 1983","5","82","1","Feet","NGVD29","M","5.0","105","1","Feet","S100NATLCP","Northern Atlantic Coastal Plain aquifer system","US","United States of America","34","New Jersey","007","Camden County","Cohansey Sand-Kirkwood Formation","WELL","UNCONFINED","NAWQA linjsus2 Network","1","Yes","1","Yes","3","Known Changes","3","Special","2","Other","0","No","0","No","https://waterdata.usgs.gov/monitoring-location/394034074482001","USGS-394034074482001"
"USGS","394233074574401","U.S. Geological Survey","070843-- Nu16","39.70900000000000318323145621","-74.96177777777779738244134933","NAD83","North American Datum of 1983","5","125","1","Feet","NGVD29","M","5.0","22","1","Feet","S100NATLCP","Northern Atlantic Coastal Plain aquifer system","US","United States of America","34","New Jersey","007","Camden County","Cohansey Sand-Kirkwood Formation","WELL","UNCONFINED","NAWQA linjlusrc1 Network","1","Yes","1","Yes","3","Known Changes","3","Special","1","Dedicated Monitoring/Observation","0","No","0","No","https://waterdata.usgs.gov/monitoring-location/394233074574401","USGS-394233074574401"
"USGS","395116074562901","U.S. Geological Survey","070864-- Nu21","39.85483333333330335790378740","-74.94163888888890312500734581","NAD83","North American Datum of 1983","5","175","1","Feet","NGVD29","M","5.0","71","1","Feet","S100NATLCP","Northern Atlantic Coastal Plain aquifer system","US","United States of America","34","New Jersey","007","Camden County","Cohansey Sand-Kirkwood Formation","WELL","UNCONFINED","NAWQA linjlusrc1 Network","1","Yes","1","Yes","3","Known Changes","3","Special","1","Dedicated Monitoring/Observation","0","No","0","No","https://waterdata.usgs.gov/monitoring-location/395116074562901","USGS-395116074562901"
"USGS","395007074562501","U.S. Geological Survey","070839-- Nu14","39.83547222222220085541266599","-74.94005555555560249558766373","NAD83","North American Datum of 1983","5","139","1","Feet","NGVD29","M","5.0","44","1","Feet","S100NATLCP","Northern Atlantic Coastal Plain aquifer system","US","United States of America","34","New Jersey","007","Camden County","Cohansey Sand-Kirkwood Formation","WELL","UNCONFINED","NAWQA linjlusrc1 Network","1","Yes","1","Yes","3","Known Changes","3","Special","1","Dedicated Monitoring/Observation","0","No","0","No","https://waterdata.usgs.gov/monitoring-location/395007074562501","USGS-395007074562501"
"USGS","395522074502701","U.S. Geological Survey","051958-- MW13R","39.92277777777780300993981655","-74.84083333333329335346206790","NAD83","North American Datum of 1983","S","71","1","Feet","NAVD88","N","1.6","29.5","1","Feet","S100NATLCP","Northern Atlantic Coastal Plain aquifer system","US","United States of America","34","New Jersey","005","Burlington County","Mount Laurel Sand-Wenonah Formation","WELL","UNCONFINED","","1","Yes","0","No","2","Suspected / Anticipated Changes","1","Surveillance","1","Dedicated Monitoring/Observation","0","No","0","No","https://waterdata.usgs.gov/monitoring-location/395522074502701","USGS-395522074502701"
"USGS","400638074403701","U.S. Geological Survey","051886-- MW108R","40.11055555555559948288646410","-74.67694444444440193819900742","NAD83","North American Datum of 1983","S","72","1","Feet","NAVD88","N","4.3","32.89999999999999857891452848","1","Feet","S100NATLCP","Northern Atlantic Coastal Plain aquifer system","US","United States of America","34","New Jersey","005","Burlington County","Englishtown Formation","WELL","UNCONFINED","","1","Yes","0","No","2","Suspected / Anticipated Changes","1","Surveillance","1","Dedicated Monitoring/Observation","0","No","0","No","https://waterdata.usgs.gov/monitoring-location/400638074403701","USGS-400638074403701"
"USGS","400956074303901","U.S. Geological Survey","251208-- MW1R","40.16556944444440091501746792","-74.51071944444440475763258291","NAD83","North American Datum of 1983","1","106","1","Feet","NAVD88","N","1.6","55","1","Feet","S100NATLCP","Northern Atlantic Coastal Plain aquifer system","US","United States of America","34","New Jersey","025","Monmouth County","Mount Laurel Sand-Wenonah Formation","WELL","UNCONFINED","","1","Yes","0","No","1","Background","1","Surveillance","1","Dedicated Monitoring/Observation","0","No","0","No","https://waterdata.usgs.gov/monitoring-location/400956074303901","USGS-400956074303901"
"USGS","394644074585401","U.S. Geological Survey","071256-- MW18B","39.77887499999999931787897367","-74.98175000000000522959453519","NAD83","North American Datum of 1983","H","150","1","Feet","NGVD29","M","5.0","18.5","1","Feet","S100NATLCP","Northern Atlantic Coastal Plain aquifer system","US","United States of America","34","New Jersey","007","Camden County","Cohansey Sand-Kirkwood Formation","WELL","UNCONFINED","","1","Yes","1","Yes","3","Known Changes","1","Surveillance","1","Dedicated Monitoring/Observation","0","No","0","No","https://waterdata.usgs.gov/monitoring-location/394644074585401","USGS-394644074585401"
"USGS","394604075003601","U.S. Geological Survey","070836-- Nu11","39.76791666666670010954476311","-75.00930555555559919866936980","NAD83","North American Datum of 1983","5","165","1","Feet","NGVD29","M","5.0","37","1","Feet","S100NATLCP","Northern Atlantic Coastal Plain aquifer system","US","United States of America","34","New Jersey","007","Camden County","Cohansey Sand-Kirkwood Formation","WELL","UNCONFINED","NAWQA linjlusrc1 Network","1","Yes","1","Yes","3","Known Changes","3","Special","1","Dedicated Monitoring/Observation","0","No","0","No","https://waterdata.usgs.gov/monitoring-location/394604075003601","USGS-394604075003601"
"USGS","400346074081701","U.S. Geological Survey","291417-- MW64","40.06289390944240125236319727","-74.13764006432569431126466952","NAD27","North American Datum of 1927","S","13","1","Feet","NGVD29","M","2.5","18.5","1","Feet","S100NATLCP","Northern Atlantic Coastal Plain aquifer system","US","United States of America","34","New Jersey","029","Ocean County","Cohansey Sand-Kirkwood Formation","WELL","UNCONFINED","NJ WSC NWIS QWDATA DATABASE","1","Yes","0","No","3","Known Changes","1","Surveillance","1","Dedicated Monitoring/Observation","0","No","0","No","https://waterdata.usgs.gov/monitoring-location/400346074081701","USGS-400346074081701"
"USGS","400052074191201","U.S. Geological Survey","291420-- MW66","40.01469444444440171082533197","-74.31952777777779317602835363","NAD83","North American Datum of 1983","S","70","1","Feet","NAVD88","N","1.6","25","1","Feet","S100NATLCP","Northern Atlantic Coastal Plain aquifer system","US","United States of America","34","New Jersey","029","Ocean County","Cohansey Sand-Kirkwood Formation","WELL","UNCONFINED","NJ WSC NWIS QWDATA DATABASE","1","Yes","0","No","3","Known Changes","1","Surveillance","1","Dedicated Monitoring/Observation","0","No","0","No","https://waterdata.usgs.gov/monitoring-location/400052074191201","USGS-400052074191201"
"USGS","393744074244101","U.S. Geological Survey","051497-- BassRiv Sf MW50","39.62900736240430177304006065","-74.41098121309299529002601048","NAD27","North American Datum of 1927","S","42","1","Feet","NGVD29","M","5.0","13.83000000000000007105427358","1","Feet","S100NATLCP","Northern Atlantic Coastal Plain aquifer system","US","United States of America","34","New Jersey","005","Burlington County","Cohansey Sand-Kirkwood Formation","WELL","UNCONFINED","NJ WSC NWIS QWDATA DATABASE","1","Yes","0","No","1","Background","1","Surveillance","1","Dedicated Monitoring/Observation","0","No","0","No","https://waterdata.usgs.gov/monitoring-location/393744074244101","USGS-393744074244101"
"USGS","395855074470701","U.S. Geological Survey","051498-- Lumberton Plz MW8","39.98205670650249743403037428","-74.78488435475590279111202108","NAD27","North American Datum of 1927","S","54","1","Feet","NGVD29","M","5.0","26","1","Feet","S100NATLCP","Northern Atlantic Coastal Plain aquifer system","US","United States of America","34","New Jersey","005","Burlington County","Marshalltown Formation","WELL","UNCONFINED","NJ WSC NWIS QWDATA DATABASE","1","Yes","0","No","3","Known Changes","1","Surveillance","1","Dedicated Monitoring/Observation","0","No","0","No","https://waterdata.usgs.gov/monitoring-location/395855074470701","USGS-395855074470701"
"USGS","395341074345101","U.S. Geological Survey","051502-- Lebanon St F MW15","39.89388888888890249972973834","-74.58116666666670369068015134","NAD83","North American Datum of 1983","5","134.5099999999999909050529823","1","Feet","NAVD88","N","5.0","39","1","Feet","S100NATLCP","Northern Atlantic Coastal Plain aquifer system","US","United States of America","34","New Jersey","005","Burlington County","Cohansey Sand-Kirkwood Formation","WELL","UNCONFINED","NJ WSC NWIS QWDATA DATABASE","1","Yes","0","No","1","Background","1","Surveillance","1","Dedicated Monitoring/Observation","0","No","0","No","https://waterdata.usgs.gov/monitoring-location/395341074345101","USGS-395341074345101"
"USGS","393415074563601","U.S. Geological Survey","151207-- Ag01 MW59","39.57094444444449976572286687","-74.94308333333330551795370411","NAD83","North American Datum of 1983","5","120","1","Feet","NGVD29","M","5.0","24","1","Feet","S100NATLCP","Northern Atlantic Coastal Plain aquifer system","US","United States of America","34","New Jersey","015","Gloucester County","Cohansey Sand-Kirkwood Formation","WELL","UNCONFINED","NJ WSC NWIS QWDATA DATABASE","1","Yes","0","No","3","Known Changes","1","Surveillance","1","Dedicated Monitoring/Observation","0","No","0","No","https://waterdata.usgs.gov/monitoring-location/393415074563601","USGS-393415074563601"
"USGS","394342075040301","U.S. Geological Survey","151210-- Nu02 MW23","39.72849999999999681676854379","-75.06683333333330665482208133","NAD83","North American Datum of 1983","5","142","1","Feet","NGVD29","M","5.0","19.5","1","Feet","S100NATLCP","Northern Atlantic Coastal Plain aquifer system","US","United States of America","34","New Jersey","015","Gloucester County","Cohansey Sand-Kirkwood Formation","WELL","UNCONFINED","NAWQA linjlusrc1 Network","1","Yes","1","Yes","3","Known Changes","3","Special","1","Dedicated Monitoring/Observation","0","No","0","No","https://waterdata.usgs.gov/monitoring-location/394342075040301","USGS-394342075040301"
"USGS","394446075031001","U.S. Geological Survey","151258-- Nu29 MW19","39.74524999999999863575794734","-75.05205555555559726599312853","NAD83","North American Datum of 1983","5","120","1","Feet","NGVD29","M","5.0","19","1","Feet","S100NATLCP","Northern Atlantic Coastal Plain aquifer system","US","United States of America","34","New Jersey","015","Gloucester County","Cohansey Sand-Kirkwood Formation","WELL","UNCONFINED","NAWQA linjlusrc1 Network","1","Yes","1","Yes","3","Known Changes","3","Special","1","Dedicated Monitoring/Observation","0","No","0","No","https://waterdata.usgs.gov/monitoring-location/394446075031001","USGS-394446075031001"
"USGS","394939074414701","U.S. Geological Survey","051420-- Suscp11 Dom","39.82761111111110352567266091","-74.69505555555559794811415486","NAD83","North American Datum of 1983","5","95","1","Feet","NGVD29","M","5.0","102","1","Feet","S100NATLCP","Northern Atlantic Coastal Plain aquifer system","US","United States of America","34","New Jersey","005","Burlington County","Cohansey Sand-Kirkwood Formation","WELL","UNCONFINED","NAWQA linjsus2 Network","1","Yes","1","Yes","3","Known Changes","3","Special","2","Other","0","No","0","No","https://waterdata.usgs.gov/monitoring-location/394939074414701","USGS-394939074414701"
"USGS","395618074223501","U.S. Geological Survey","291276-- Suscp13 Dom","39.93869444444440119923456223","-74.37544444444439761809917400","NAD83","North American Datum of 1983","5","165","1","Feet","NGVD29","M","5.0","118","1","Feet","S100NATLCP","Northern Atlantic Coastal Plain aquifer system","US","United States of America","34","New Jersey","029","Ocean County","Cohansey Sand-Kirkwood Formation","WELL","UNCONFINED","NAWQA linjsus2 Network","1","Yes","1","Yes","3","Known Changes","3","Special","2","Other","0","No","0","No","https://waterdata.usgs.gov/monitoring-location/395618074223501","USGS-395618074223501"
"USGS","394918074442801","U.S. Geological Survey","051419-- Suscp01 Dom","39.82175000000000153477230924","-74.74075000000000557065504836","NAD83","North American Datum of 1983","5","92","1","Feet","NGVD29","M","5.0","70","1","Feet","S100NATLCP","Northern Atlantic Coastal Plain aquifer system","US","United States of America","34","New Jersey","005","Burlington County","Cohansey Sand-Kirkwood Formation","WELL","UNCONFINED","NAWQA linjsus2 Network","1","Yes","1","Yes","3","Known Changes","3","Special","2","Other","0","No","0","No","https://waterdata.usgs.gov/monitoring-location/394918074442801","USGS-394918074442801"
"USGS","393035074533601","U.S. Geological Survey","011279-- Suscp27","39.51002777777780039514254895","-74.89333333333330244840908563","NAD83","North American Datum of 1983","5","92","1","Feet","NGVD29","M","5.0","110","1","Feet","S100NATLCP","Northern Atlantic Coastal Plain aquifer system","US","United States of America","34","New Jersey","001","Atlantic County","Cohansey Sand-Kirkwood Formation","WELL","UNCONFINED","NAWQA linjsus2 Network","1","Yes","1","Yes","3","Known Changes","3","Special","2","Other","0","No","0","No","https://waterdata.usgs.gov/monitoring-location/393035074533601","USGS-393035074533601"
"USGS","393050074412501","U.S. Geological Survey","011282-- Suscp22","39.51402777777779817824921338","-74.68997222222219534160103649","NAD83","North American Datum of 1983","5","60","1","Feet","NGVD29","M","5.0","104","1","Feet","S100NATLCP","Northern Atlantic Coastal Plain aquifer system","US","United States of America","34","New Jersey","001","Atlantic County","Cohansey Sand-Kirkwood Formation","WELL","UNCONFINED","NAWQA linjsus2 Network","1","Yes","1","Yes","3","Known Changes","3","Special","2","Other","0","No","0","No","https://waterdata.usgs.gov/monitoring-location/393050074412501","USGS-393050074412501"
"USGS","393053074344201","U.S. Geological Survey","011270-- Suscp12","39.51508333333330114101045183","-74.57686111111109994453727268","NAD83","North American Datum of 1983","5","55","1","Feet","NGVD29","M","5.0","80","1","Feet","S100NATLCP","Northern Atlantic Coastal Plain aquifer system","US","United States of America","34","New Jersey","001","Atlantic County","Cohansey Sand-Kirkwood Formation","WELL","UNCONFINED","NAWQA linjsus2 Network","1","Yes","1","Yes","3","Known Changes","3","Special","2","Other","0","No","0","No","https://waterdata.usgs.gov/monitoring-location/393053074344201","USGS-393053074344201"
"USGS","393807075030401","U.S. Geological Survey","151399-- Suscp16 Dom","39.63600000000000278532752418","-75.05088888888890608086512657","NAD83","North American Datum of 1983","5","125","1","Feet","NGVD29","M","5.0","100","1","Feet","S100NATLCP","Northern Atlantic Coastal Plain aquifer system","US","United States of America","34","New Jersey","015","Gloucester County","Cohansey Sand-Kirkwood Formation","WELL","UNCONFINED","NAWQA linjsus2 Network","1","Yes","1","Yes","3","Known Changes","3","Special","2","Other","0","No","0","No","https://waterdata.usgs.gov/monitoring-location/393807075030401","USGS-393807075030401"
"USGS","392434074483001","U.S. Geological Survey","011280-- Suscp06","39.40991666666670312224596273","-74.80819444444439625385712134","NAD83","North American Datum of 1983","5","61","1","Feet","NGVD29","M","5.0","120","1","Feet","S100NATLCP","Northern Atlantic Coastal Plain aquifer system","US","United States of America","34","New Jersey","001","Atlantic County","Cohansey Sand-Kirkwood Formation","WELL","UNCONFINED","NAWQA linjsus2 Network","1","Yes","1","Yes","3","Known Changes","3","Special","2","Other","0","No","0","No","https://waterdata.usgs.gov/monitoring-location/392434074483001","USGS-392434074483001"
"USGS","390805074500001","U.S. Geological Survey","090483-- Suscp07 Dom","39.13505555555560277980475803","-74.83311111111109426019538660","NAD83","North American Datum of 1983","5","15","1","Feet","NGVD29","M","2.5","100","1","Feet","S100NATLCP","Northern Atlantic Coastal Plain aquifer system","US","United States of America","34","New Jersey","009","Cape May County","Cohansey Sand-Kirkwood Formation","WELL","UNCONFINED","NAWQA linjsus2 Network","1","Yes","1","Yes","3","Known Changes","3","Special","2","Other","0","No","0","No","https://waterdata.usgs.gov/monitoring-location/390805074500001","USGS-390805074500001"
"USGS","390643074522501","U.S. Geological Survey","090499-- Suscp23 Dom","39.11194444444439710650840425","-74.87365555555550145072629675","NAD83","North American Datum of 1983","5","10","1","Feet","NGVD29","M","5.0","38","1","Feet","S100NATLCP","Northern Atlantic Coastal Plain aquifer system","US","United States of America","34","New Jersey","009","Cape May County","Cohansey Sand-Kirkwood Formation","WELL","UNCONFINED","NAWQA linjsus2 Network","1","Yes","1","Yes","3","Known Changes","3","Special","2","Other","0","No","0","No","https://waterdata.usgs.gov/monitoring-location/390643074522501","USGS-390643074522501"
"USGS","394736074564201","U.S. Geological Survey","070838-- Nu12","39.79291666666669868845929159","-74.94477777777780147516750731","NAD83","North American Datum of 1983","5","155","1","Feet","NGVD29","M","5.0","18","1","Feet","S100NATLCP","Northern Atlantic Coastal Plain aquifer system","US","United States of America","34","New Jersey","007","Camden County","Cohansey Sand-Kirkwood Formation","WELL","UNCONFINED","NAWQA linjlusrc1 Network","1","Yes","1","Yes","3","Known Changes","3","Special","1","Dedicated Monitoring/Observation","0","No","0","No","https://waterdata.usgs.gov/monitoring-location/394736074564201","USGS-394736074564201"
"USGS","394300074532701","U.S. Geological Survey","070840-- Nu15","39.71658333333329693459745613","-74.89058333333329642300668638","NAD83","North American Datum of 1983","5","131","1","Feet","NGVD29","M","5.0","29","1","Feet","S100NATLCP","Northern Atlantic Coastal Plain aquifer system","US","United States of America","34","New Jersey","007","Camden County","Cohansey Sand-Kirkwood Formation","WELL","UNCONFINED","NAWQA linjlusrc1 Network","1","Yes","1","Yes","3","Known Changes","3","Special","1","Dedicated Monitoring/Observation","0","No","0","No","https://waterdata.usgs.gov/monitoring-location/394300074532701","USGS-394300074532701"
"USGS","394153075011101","U.S. Geological Survey","151252-- Nu23","39.69833333333330216419199132","-75.01983333333329539982514689","NAD83","North American Datum of 1983","5","145","1","Feet","NGVD29","M","5.0","19","1","Feet","S100NATLCP","Northern Atlantic Coastal Plain aquifer system","US","United States of America","34","New Jersey","015","Gloucester County","Cohansey Sand-Kirkwood Formation","WELL","UNCONFINED","NAWQA linjlusrc1 Network","1","Yes","1","Yes","3","Known Changes","3","Special","1","Dedicated Monitoring/Observation","0","No","0","No","https://waterdata.usgs.gov/monitoring-location/394153075011101","USGS-394153075011101"
"USGS","394243075034401","U.S. Geological Survey","151256-- Nu25","39.71205555555560096081535448","-75.06188888888890176076529315","NAD83","North American Datum of 1983","5","155","1","Feet","NGVD29","M","5.0","22.5","1","Feet","S100NATLCP","Northern Atlantic Coastal Plain aquifer system","US","United States of America","34","New Jersey","015","Gloucester County","Cohansey Sand-Kirkwood Formation","WELL","UNCONFINED","NAWQA linjlusrc1 Network","1","Yes","1","Yes","3","Known Changes","3","Special","1","Dedicated Monitoring/Observation","0","No","0","No","https://waterdata.usgs.gov/monitoring-location/394243075034401","USGS-394243075034401"
"USGS","392123074534801","U.S. Geological Survey","111153-- Peaslee Wma MW47","39.35650409153529949435323942","-74.89628143568180007605405990","NAD27","North American Datum of 1927","S","83","1","Feet","NGVD29","M","5.0","32.5","1","Feet","S100NATLCP","Northern Atlantic Coastal Plain aquifer system","US","United States of America","34","New Jersey","011","Cumberland County","Cohansey Sand-Kirkwood Formation","WELL","UNCONFINED","NJ WSC NWIS QWDATA DATABASE","1","Yes","0","No","1","Background","1","Surveillance","1","Dedicated Monitoring/Observation","0","No","0","No","https://waterdata.usgs.gov/monitoring-location/392123074534801","USGS-392123074534801"
"USGS","395638074432501","U.S. Geological Survey","051480-- Southampton MW12","39.94400233065360339423932601","-74.72321528264180301448504906","NAD27","North American Datum of 1927","S","38","1","Feet","NGVD29","M","5.0","23.5","1","Feet","S100NATLCP","Northern Atlantic Coastal Plain aquifer system","US","United States of America","34","New Jersey","005","Burlington County","Manasquan Formation","WELL","UNCONFINED","NJ WSC NWIS QWDATA DATABASE","1","Yes","0","No","3","Known Changes","1","Surveillance","1","Dedicated Monitoring/Observation","0","No","0","No","https://waterdata.usgs.gov/monitoring-location/395638074432501","USGS-395638074432501"
"USGS","400525074314101","U.S. Geological Survey","250785-- Upper Freehold MW5","40.09039089342380179914471228","-74.52765359759159480290691135","NAD27","North American Datum of 1927","S","102","1","Feet","NGVD29","M","5.0","24","1","Feet","S100NATLCP","Northern Atlantic Coastal Plain aquifer system","US","United States of America","34","New Jersey","025","Monmouth County","Vincentown Formation","WELL","UNCONFINED","NJ WSC NWIS QWDATA DATABASE","1","Yes","0","No","3","Known Changes","1","Surveillance","1","Dedicated Monitoring/Observation","0","No","0","No","https://waterdata.usgs.gov/monitoring-location/400525074314101","USGS-400525074314101"
"USGS","400326074115201","U.S. Geological Survey","291274-- Suscp04 Dom","40.05730555555560101765877334","-74.19794444444440273400687147","NAD83","North American Datum of 1983","5","56","1","Feet","NGVD29","M","2.5","67","1","Feet","S100NATLCP","Northern Atlantic Coastal Plain aquifer system","US","United States of America","34","New Jersey","029","Ocean County","Cohansey Sand-Kirkwood Formation","WELL","UNCONFINED","NAWQA linjsus2 Network","1","Yes","1","Yes","3","Known Changes","3","Special","2","Other","0","No","0","No","https://waterdata.usgs.gov/monitoring-location/400326074115201","USGS-400326074115201"
"USGS","394415074174301","U.S. Geological Survey","291275-- Suscp03 Dom","39.73780555555560312086527119","-74.29502777777780408996477490","NAD83","North American Datum of 1983","5","92","1","Feet","NGVD29","M","5.0","127","1","Feet","S100NATLCP","Northern Atlantic Coastal Plain aquifer system","US","United States of America","34","New Jersey","029","Ocean County","Cohansey Sand-Kirkwood Formation","WELL","UNCONFINED","NAWQA linjsus2 Network","1","Yes","1","Yes","3","Known Changes","3","Special","2","Other","0","No","0","No","https://waterdata.usgs.gov/monitoring-location/394415074174301","USGS-394415074174301"
"USGS","394416074544901","U.S. Geological Survey","070988-- Suscp29 Dom","39.73791666666669897267638589","-74.91349999999999909050529823","NAD83","North American Datum of1983","5","148","1","Feet","NAVD88","N","5.0","91","1","Feet","S100NATLCP","Northern Atlantic Coastal Plain aquifer system","US","United States of America","34","New Jersey","007","Camden County","Cohansey Sand-Kirkwood Formation","WELL","UNCONFINED","NAWQA linjsus2 Network","1","Yes","1","Yes","3","Known Changes","3","Special","2","Other","0","No","0","No","https://waterdata.usgs.gov/monitoring-location/394416074544901","USGS-394416074544901"
"USGS","393117074484101","U.S. Geological Survey","011271-- Suscp10","39.52150000000000318323145621","-74.81033333333330404002481373","NAD83","North American Datum of 1983","5","70","1","Feet","NGVD29","M","5.0","100","1","Feet","S100NATLCP","Northern Atlantic Coastal Plain aquifer system","US","United States of America","34","New Jersey","001","Atlantic County","Cohansey Sand-Kirkwood Formation","WELL","UNCONFINED","NAWQA linjsus2 Network","1","Yes","1","Yes","3","Known Changes","3","Special","2","Other","0","No","0","No","https://waterdata.usgs.gov/monitoring-location/393117074484101","USGS-393117074484101"
"USGS","392335074410801","U.S. Geological Survey","011281-- Suscp26","39.39319444444439710650840425","-74.68508333333329574088566005","NAD83","North American Datum of 1983","5","65","1","Feet","NGVD29","M","2.5","157","1","Feet","S100NATLCP","Northern Atlantic Coastal Plain aquifer system","US","United States of America","34","New Jersey","001","Atlantic County","Cohansey Sand-Kirkwood Formation","WELL","UNCONFINED","NAWQA linjsus2 Network","1","Yes","1","Yes","3","Known Changes","3","Special","2","Other","0","No","0","No","https://waterdata.usgs.gov/monitoring-location/392335074410801","USGS-392335074410801"
"USGS","395806074540501","U.S. Geological Survey","051500-- CambrCross MW11","39.96844586614140126812344533","-74.90099954771820023324835347","NAD27","North American Datum of 1927","S","50","1","Feet","NGVD29","M","5.0","19.5","1","Feet","S100NATLCP","Northern Atlantic Coastal Plain aquifer system","US","United States of America","34","New Jersey","005","Burlington County","Englishtown Formation","WELL","UNCONFINED","NJ WSC NWIS QWDATA DATABASE","1","Yes","0","No","3","Known Changes","1","Surveillance","1","Dedicated Monitoring/Observation","0","No","0","No","https://waterdata.usgs.gov/monitoring-location/395806074540501","USGS-395806074540501"
"USGS","394640074323201","U.S. Geological Survey","051504-- MW58","39.77789620415590121638160781","-74.54181929741139356337953359","NAD27","North American Datum of1927","S","68","1","Feet","NGVD29","M","5.0","10","1","Feet","S100NATLCP","Northern Atlantic Coastal Plain aquifer system","US","United States of America","34","New Jersey","005","Burlington County","Cohansey Sand-Kirkwood Formation","WELL","UNCONFINED","NJ WSC NWIS QWDATA DATABASE","1","Yes","0","No","3","Known Changes","1","Surveillance","1","Dedicated Monitoring/Observation","0","No","0","No","https://waterdata.usgs.gov/monitoring-location/394640074323201","USGS-394640074323201"
"USGS","401021074030601","U.S. Geological Survey","250795-- MW67","40.17261380559399697176559130","-74.05124909218559992041264195","NAD27","North American Datum of 1927","S","47","1","Feet","NGVD29","M","2.5","27.5","1","Feet","S100NATLCP","Northern Atlantic Coastal Plain aquifer system","US","United States of America","34","New Jersey","025","Monmouth County","Cohansey Sand-Kirkwood Formation","WELL","UNCONFINED","NJ WSC NWIS QWDATA DATABASE","1","Yes","0","No","3","Known Changes","1","Surveillance","1","Dedicated Monitoring/Observation","0","No","0","No","https://waterdata.usgs.gov/monitoring-location/401021074030601","USGS-401021074030601"
"USGS","395815074442101","U.S. Geological Survey","051403-- MW-2","39.97094597527959791705143289","-74.73877152306610582854773384","NAD27","North American Datum of 1927","S","60","1","Feet","NGVD29","M","5.0","13","1","Feet","S100NATLCP","Northern Atlantic Coastal Plain aquifer system","US","United States of America","34","New Jersey","005","Burlington County","Hornerstown Sand","WELL","UNCONFINED","NJ WSC NWIS QWDATA DATABASE","1","Yes","0","No","3","Known Changes","1","Surveillance","1","Dedicated Monitoring/Observation","0","No","0","No","https://waterdata.usgs.gov/monitoring-location/395815074442101","USGS-395815074442101"
"USGS","395143075044101","U.S. Geological Survey","071005-- Bellmawr MW17","39.86205796176680138387382613","-75.07767273267380403467541328","NAD27","North American Datum of 1927","S","15","1","Feet","NGVD29","M","5.0","13.61999999999999921840299066","1","Feet","S100NATLCP","Northern Atlantic Coastal Plain aquifer system","US","United States of America","34","New Jersey","007","Camden County","Englishtown Formation","WELL","UNCONFINED","NJ WSC NWIS QWDATA DATABASE","1","Yes","0","No","3","Known Changes","1","Surveillance","1","Dedicated Monitoring/Observation","0","No","0","No","https://waterdata.usgs.gov/monitoring-location/395143075044101","USGS-395143075044101"
"USGS","395836074542701","U.S. Geological Survey","051478-- Moorestown MW7","39.97677906956700155660655582","-74.90711098944730395032820525","NAD27","North American Datum of 1927","S","80","1","Feet","NGVD29","M","5.0","22.5","1","Feet","S100NATLCP","Northern Atlantic Coastal Plain aquifer system","US","United States of America","34","New Jersey","005","Burlington County","Englishtown Formation","WELL","UNCONFINED","NJ WSC NWIS QWDATA DATABASE","1","Yes","0","No","3","Known Changes","1","Surveillance","1","Dedicated Monitoring/Observation","0","No","0","No","https://waterdata.usgs.gov/monitoring-location/395836074542701","USGS-395836074542701"
"USGS","395417074143401","U.S. Geological Survey","291402-- Doubletrouble MW60","39.90484055462960100157943089","-74.24236494052900070528266951","NAD27","North American Datum of 1927","S","37","1","Feet","NGVD29","M","2.5","8","1","Feet","S100NATLCP","Northern Atlantic Coastal Plain aquifer system","US","United States of America","34","New Jersey","029","Ocean County","Cohansey Sand-Kirkwood Formation","WELL","UNCONFINED","NJ WSC NWIS QWDATA DATABASE","1","Yes","0","No","1","Background","1","Surveillance","1","Dedicated Monitoring/Observation","0","No","0","No","https://waterdata.usgs.gov/monitoring-location/395417074143401","USGS-395417074143401"
"USGS","400529074260601","U.S. Geological Survey","291403-- Colliersmills MW65","40.09150276844970051115524257","-74.43459501229220620643900475","NAD27","North American Datum of 1927","S","135","1","Feet","NGVD29","M","5.0","10.5","1","Feet","S100NATLCP","Northern Atlantic Coastal Plain aquifer system","US","United States of America","34","New Jersey","029","Ocean County","Cohansey Sand-Kirkwood Formation","WELL","UNCONFINED","NJ WSC NWIS QWDATA DATABASE","1","Yes","0","No","1","Background","1","Surveillance","1","Dedicated Monitoring/Observation","0","No","0","No","https://waterdata.usgs.gov/monitoring-location/400529074260601","USGS-400529074260601"
"USGS","394117074214001","U.S. Geological Survey","291404-- StaffForge MW57","39.68817453328220068442533375","-74.36070124821209503807040164","NAD27","North American Datum of 1927","S","50","1","Feet","NGVD29","M","5.0","17.30000000000000071054273576","1","Feet","S100NATLCP","Northern Atlantic Coastal Plain aquifer system","US","United States of America","34","New Jersey","029","Ocean County","Cohansey Sand-Kirkwood Formation","WELL","UNCONFINED","NJ WSC NWIS QWDATA DATABASE","1","Yes","0","No","1","Background","1","Surveillance","1","Dedicated Monitoring/Observation","0","No","0","No","https://waterdata.usgs.gov/monitoring-location/394117074214001","USGS-394117074214001"
"USGS","395900074242801","U.S. Geological Survey","291405-- Manchester MW62","39.98356666666669667620226392","-74.40696666666670466838695575","NAD83","North American Datum of 1983","5","126","1","Feet","NAVD88","N","1.6","18","1","Feet","S100NATLCP","Northern Atlantic Coastal Plain aquifer system","US","United States of America","34","New Jersey","029","Ocean County","Cohansey Sand-Kirkwood Formation","WELL","UNCONFINED","NJ WSC NWIS QWDATA DATABASE","1","Yes","0","No","1","Background","1","Surveillance","1","Dedicated Monitoring/Observation","0","No","0","No","https://waterdata.usgs.gov/monitoring-location/395900074242801","USGS-395900074242801"
"USGS","393301074591601","U.S. Geological Survey","151481-- B Bell PW5 MW35","39.55039343488289915740097058","-74.98739429156539415544102667","NAD27","North American Datum of 1927","S","116","1","Feet","NGVD29","M","5.0","13.5","1","Feet","S100NATLCP","Northern Atlantic Coastal Plain aquifer system","US","United States of America","34","New Jersey","015","Gloucester County","Cohansey Sand-Kirkwood Formation","WELL","UNCONFINED","NJ WSC NWIS QWDATA DATABASE","1","Yes","0","No","3","Known Changes","1","Surveillance","1","Dedicated Monitoring/Observation","0","No","0","No","https://waterdata.usgs.gov/monitoring-location/393301074591601","USGS-393301074591601"
"USGS","393940074534201","U.S. Geological Survey","070842-- Und09 MW53","39.66091666666670079166578944","-74.89486111111109778448735597","NAD83","North American Datum of 1983","5","100","1","Feet","NGVD29","M","5.0","14","1","Feet","S100NATLCP","Northern Atlantic Coastal Plain aquifer system","US","United States of America","34","New Jersey","007","Camden County","Cohansey Sand-Kirkwood Formation","WELL","UNCONFINED","NJ WSC NWIS QWDATA DATABASE","1","Yes","0","No","1","Background","1","Surveillance","1","Dedicated Monitoring/Observation","0","No","0","No","https://waterdata.usgs.gov/monitoring-location/393940074534201","USGS-393940074534201"
"USGS","393129074383201","U.S. Geological Survey","011401-- Egg Harbor MW55","39.52497820044460041799538885","-74.64196396691029633529979037","NAD27","North American Datum of 1927","S","56","1","Feet","NGVD29","M","5.0","25.64999999999999857891452848","1","Feet","S100NATLCP","Northern Atlantic Coastal Plain aquifer system","US","United States of America","34","New Jersey","001","Atlantic County","Cohansey Sand-Kirkwood Formation","WELL","UNCONFINED","NJ WSC NWIS QWDATA DATABASE","1","Yes","0","No","3","Known Changes","1","Surveillance","1","Dedicated Monitoring/Observation","0","No","0","No","https://waterdata.usgs.gov/monitoring-location/393129074383201","USGS-393129074383201"
"USGS","394507075023801","U.S. Geological Survey","151260-- Nu30","39.75247222222220244702839409","-75.04305555555559692493261537","NAD83","North American Datum of 1983","5","144","1","Feet","NGVD29","M","5.0","52","1","Feet","S100NATLCP","Northern Atlantic Coastal Plain aquifer system","US","United States of America","34","New Jersey","015","Gloucester County","Cohansey Sand-Kirkwood Formation","WELL","UNCONFINED","NAWQA linjlusrc1 Network","1","Yes","1","Yes","3","Known Changes","3","Special","1","Dedicated Monitoring/Observation","0","No","0","No","https://waterdata.usgs.gov/monitoring-location/394507075023801","USGS-394507075023801"
"USGS","392328074315401","U.S. Geological Survey","011403-- Plsntville MW49","39.39122770583050225923216203","-74.53126476056219473775854567","NAD27","North American Datum of 1927","S","29","1","Feet","NGVD29","M","5.0","23","1","Feet","S100NATLCP","Northern Atlantic Coastal Plain aquifer system","US","United States of America","34","New Jersey","001","Atlantic County","Cohansey Sand-Kirkwood Formation","WELL","UNCONFINED","NJ WSC NWIS QWDATA DATABASE","1","Yes","0","No","3","Known Changes","1","Surveillance","1","Dedicated Monitoring/Observation","0","No","0","No","https://waterdata.usgs.gov/monitoring-location/392328074315401","USGS-392328074315401"
"USGS","394254074590501","U.S. Geological Survey","070888-- Nu19","39.71513888888890164707845543","-74.98416666666669527785415994","NAD83","North American Datum of 1983","5","145","1","Feet","NGVD29","M","5.0","29","1","Feet","S100NATLCP","Northern Atlantic Coastal Plain aquifer system","US","United States of America","34","New Jersey","007","Camden County","Cohansey Sand-Kirkwood Formation","WELL","UNCONFINED","NAWQA linjlusrc1 Network","1","Yes","1","Yes","3","Known Changes","3","Special","1","Dedicated Monitoring/Observation","0","No","0","No","https://waterdata.usgs.gov/monitoring-location/394254074590501","USGS-394254074590501"
"USGS","400202074461301","U.S. Geological Survey","051481-- Springfield MW6","40.03400028198240079291281290","-74.76988391887759632936649723","NAD27","North American Datum of 1927","S","43","1","Feet","NGVD29","M","10.0","12","1","Feet","S100NATLCP","Northern Atlantic Coastal Plain aquifer system","US","United States of America","34","New Jersey","005","Burlington County","Englishtown Formation","WELL","UNCONFINED","NJ WSC NWIS QWDATA DATABASE","1","Yes","0","No","3","Known Changes","1","Surveillance","1","Dedicated Monitoring/Observation","0","No","0","No","https://waterdata.usgs.gov/monitoring-location/400202074461301","USGS-400202074461301"
"USGS","394018074590801","U.S. Geological Survey","151219-- Nu09","39.67291666666670124641314032","-74.98586111111110596993967192","NAD83","North American Datum of 1983","5","145","1","Feet","NGVD29","M","5.0","31","1","Feet","S100NATLCP","Northern Atlantic Coastal Plain aquifer system","US","United States of America","34","New Jersey","015","Gloucester County","Cohansey Sand-Kirkwood Formation","WELL","UNCONFINED","NAWQA linjlusrc1 Network","1","Yes","1","Yes","3","Known Changes","3","Special","1","Dedicated Monitoring/Observation","0","No","0","No","https://waterdata.usgs.gov/monitoring-location/394018074590801","USGS-394018074590801"
"USGS","394145074591301","U.S. Geological Survey","151250-- Nu22","39.69597222222220267440206953","-74.98702777777779715506767388","NAD83","North American Datum of 1983","5","145","1","Feet","NGVD29","M","5.0","22","1","Feet","S100NATLCP","Northern Atlantic Coastal Plain aquifer system","US","United States of America","34","New Jersey","015","Gloucester County","Cohansey Sand-Kirkwood Formation","WELL","UNCONFINED","NAWQA linjlusrc1 Network","1","Yes","1","Yes","3","Known Changes","3","Special","1","Dedicated Monitoring/Observation","0","No","0","No","https://waterdata.usgs.gov/monitoring-location/394145074591301","USGS-394145074591301"
"USGS","394642074375401","U.S. Geological Survey","051496-- Carranza MW56","39.77845109992610161953052739","-74.63126671470880069136910606","NAD27","North American Datum of 1927","S","73","1","Feet","NGVD29","M","5.0","16","1","Feet","S100NATLCP","Northern Atlantic Coastal Plain aquifer system","US","United States of America","34","New Jersey","005","Burlington County","Cohansey Sand-Kirkwood Formation","WELL","UNCONFINED","NJ WSC NWIS QWDATA DATABASE","1","Yes","0","No","1","Background","1","Surveillance","1","Dedicated Monitoring/Observation","0","No","0","No","https://waterdata.usgs.gov/monitoring-location/394642074375401","USGS-394642074375401"
"USGS","395814075002201","U.S. Geological Survey","051499-- MapleShade MW10","39.97066805506390352320522652","-75.00572566340700575437949738","NAD27","North American Datum of 1927","S","18","1","Feet","NGVD29","M","10.0","49","1","Feet","S100NATLCP","Northern Atlantic Coastal Plain aquifer system","US","United States of America","34","New Jersey","005","Burlington County","Magothy-Raritan-Potomac Aquifer System, Upper Aquifer","WELL","UNCONFINED","NJ WSC NWIS QWDATA DATABASE","1","Yes","0","No","3","Known Changes","1","Surveillance","1","Dedicated Monitoring/Observation","0","No","0","No","https://waterdata.usgs.gov/monitoring-location/395814075002201","USGS-395814075002201"
"USGS","391611074383801","U.S. Geological Survey","090509-- Marmora MW46","39.26983747912470334995305166","-74.64349201424469981702713994","NAD27","North American Datum of 1927","S","24","1","Feet","NGVD29","M","2.5","25","1","Feet","S100NATLCP","Northern Atlantic Coastal Plain aquifer system","US","United States of America","34","New Jersey","009","Cape May County","Cohansey Sand-Kirkwood Formation","WELL","UNCONFINED","NJ WSC NWIS QWDATA DATABASE","1","Yes","0","No","3","Known Changes","1","Surveillance","1","Dedicated Monitoring/Observation","0","No","0","No","https://waterdata.usgs.gov/monitoring-location/391611074383801","USGS-391611074383801"
"USGS","393531074523901","U.S. Geological Survey","011240-- USGS Ou05","39.59174999999999755573298899","-74.87716666666669595997518627","NAD83","North American Datum of 1983","5","75","1","Feet","NGVD29","M","5.0","19","1","Feet","S100NATLCP","Northern Atlantic Coastal Plain aquifer system","US","United States of America","34","New Jersey","001","Atlantic County","Cohansey Sand-Kirkwood Formation","WELL","UNCONFINED","NJ WSC NWIS QWDATA DATABASE","1","Yes","0","No","3","Known Changes","1","Surveillance","1","Dedicated Monitoring/Observation","0","No","0","No","https://waterdata.usgs.gov/monitoring-location/393531074523901","USGS-393531074523901"
"USGS","391844074451501","U.S. Geological Survey","011400-- Macnamara MW45","39.31233737248240345252270345","-74.75377476409930466161313234","NAD27","North American Datum of 1927","S","7","1","Feet","NGVD29","M","5.0","13.5","1","Feet","S100NATLCP","Northern Atlantic Coastal Plain aquifer system","US","United States of America","34","New Jersey","001","Atlantic County","Cohansey Sand-Kirkwood Formation","WELL","UNCONFINED","NJ WSC NWIS QWDATA DATABASE","1","Yes","0","No","1","Background","1","Surveillance","1","Dedicated Monitoring/Observation","0","No","0","No","https://waterdata.usgs.gov/monitoring-location/391844074451501","USGS-391844074451501"
"USGS","394123074435101","U.S. Geological Survey","011402-- Atsion MW51","39.69172222222219659215625143","-74.72997222222220159437711118","NAD83","North American Datum of 1983","5","41.99000000000000198951966013","1","Feet","NAVD88","N","5.0","11.5","1","Feet","S100NATLCP","Northern Atlantic Coastal Plain aquifer system","US","United States of America","34","New Jersey","001","Atlantic County","Cohansey Sand-Kirkwood Formation","WELL","UNCONFINED","NJ WSC NWIS QWDATA DATABASE","1","Yes","0","No","1","Background","1","Surveillance","1","Dedicated Monitoring/Observation","0","No","0","No","https://waterdata.usgs.gov/monitoring-location/394123074435101","USGS-394123074435101"
"USGS","393947074464501","U.S. Geological Survey","011404-- MW54","39.66333333333329846936976537","-74.77852777777779635925980983","NAD83","North American Datum of 1983","5","69.54999999999999715782905696","1","Feet","NAVD88","N","5.0","14","1","Feet","S100NATLCP","Northern Atlantic Coastal Plain aquifer system","US","United States of America","34","New Jersey","001","Atlantic County","Cohansey Sand-Kirkwood Formation","WELL","UNCONFINED","NJ WSC NWIS QWDATA DATABASE","1","Yes","0","No","3","Known Changes","1","Surveillance","1","Dedicated Monitoring/Observation","0","No","0","No","https://waterdata.usgs.gov/monitoring-location/393947074464501","USGS-393947074464501"
"USGS","400533074405101","U.S. Geological Survey","051477-- Mansfield MW4","40.09261135749459725730048376","-74.68043644784019363669358427","NAD27","North American Datum of 1927","S","90","1","Feet","NGVD29","M","5.0","24","1","Feet","S100NATLCP","Northern Atlantic Coastal Plain aquifer system","US","United States of America","34","New Jersey","005","Burlington County","Marshalltown Formation","WELL","UNCONFINED","NJ WSC NWIS QWDATA DATABASE","1","Yes","0","No","3","Known Changes","1","Surveillance","1","Dedicated Monitoring/Observation","0","No","0","No","https://waterdata.usgs.gov/monitoring-location/400533074405101","USGS-400533074405101"
"USGS","394351074321501","U.S. Geological Survey","051428-- Suscp30 Dom","39.73083333333330102732361411","-74.53757222222219525065156631","NAD83","North American Datum of 1983","5","50","1","Feet","NGVD29","M","5.0","101","1","Feet","S100NATLCP","Northern Atlantic Coastal Plain aquifer system","US","United States of America","34","New Jersey","005","Burlington County","Cohansey Sand-Kirkwood Formation","WELL","UNCONFINED","NAWQA linjsus2 Network","1","Yes","1","Yes","3","Known Changes","3","Special","2","Other","0","No","0","No","https://waterdata.usgs.gov/monitoring-location/394351074321501","USGS-394351074321501"
"USGS","394340075012701","U.S. Geological Survey","151220-- Nu08","39.72747222222219676268650801","-75.02397222222219852483249269","NAD83","North American Datum of 1983","5","155","1","Feet","NGVD29","M","5.0","30.5","1","Feet","S100NATLCP","Northern Atlantic Coastal Plain aquifer system","US","United States of America","34","New Jersey","015","Gloucester County","Cohansey Sand-Kirkwood Formation","WELL","UNCONFINED","NAWQA linjlusrc1 Network","1","Yes","1","Yes","3","Known Changes","3","Special","1","Dedicated Monitoring/Observation","0","No","0","No","https://waterdata.usgs.gov/monitoring-location/394340075012701","USGS-394340075012701"
"USGS","401049074404701","U.S. Geological Survey","210768-- MW121R","40.18027777777780329415691085","-74.67972222222219613740890054","NAD83","North American Datum of 1983","S","53","1","Feet","NAVD88","N","1.6","71.5","1","Feet","S100NATLCP","Northern Atlantic Coastal Plain aquifer system","US","United States of America","34","New Jersey","021","Mercer County","Magothy-Raritan-Potomac Aquifer System, Upper Aquifer","WELL","UNCONFINED","","1","Yes","0","No","2","Suspected / Anticipated Changes","1","Surveillance","1","Dedicated Monitoring/Observation","0","No","0","No","https://waterdata.usgs.gov/monitoring-location/401049074404701","USGS-401049074404701"
"USGS","391145074520401","U.S. Geological Survey","090510-- Belleplain MW44","39.19594753483610105604384444","-74.86739160579419660734856734","NAD27","North American Datum of 1927","S","10","1","Feet","NGVD29","M","2.5","11","1","Feet","S100NATLCP","Northern Atlantic Coastal Plain aquifer system","US","United States of America","34","New Jersey","009","Cape May County","Cohansey Sand-Kirkwood Formation","WELL","UNCONFINED","NJ WSC NWIS QWDATA DATABASE","1","Yes","0","No","1","Background","1","Surveillance","1","Dedicated Monitoring/Observation","1","Yes","1","Yes","https://waterdata.usgs.gov/monitoring-location/391145074520401","USGS-391145074520401"
"USGS","400954074302001","U.S. Geological Survey","250790-- Imlaystown MW1","40.16511179803310227498513996","-74.50515277084029719389945967","NAD27","North American Datum of 1927","S","119","1","Feet","NGVD29","M","5.0","14.16999999999999992894572642","1","Feet","S100NATLCP","Northern Atlantic Coastal Plain aquifer system","US","United States of America","34","New Jersey","025","Monmouth County","Mount Laurel Sand","WELL","UNCONFINED","NJ WSC NWIS QWDATA DATABASE","1","Yes","0","No","3","Known Changes","1","Surveillance","1","Dedicated Monitoring/Observation","0","No","0","No","https://waterdata.usgs.gov/monitoring-location/400954074302001","USGS-400954074302001"
"USGS","395643074295201","U.S. Geological Survey","051402-- MW-9","39.94539397367759647750062868","-74.49737452960670225365902297","NAD27","North American Datum of 1927","S","100","1","Feet","NGVD29","M","5.0","10","1","Feet","S100NATLCP","Northern Atlantic Coastal Plain aquifer system","US","United States of America","34","New Jersey","005","Burlington County","Cohansey Sand-Kirkwood Formation","WELL","UNCONFINED","NJ WSC NWIS QWDATA DATABASE","1","Yes","0","No","3","Known Changes","1","Surveillance","1","Dedicated Monitoring/Observation","0","No","0","No","https://waterdata.usgs.gov/monitoring-location/395643074295201","USGS-395643074295201"
"USGS","395034074112101","U.S. Geological Survey","291419-- MW61","39.84289682285260170147012104","-74.18875091409070421377691673","NAD27","North American Datum of 1927","S","19","1","Feet","NGVD29","M","2.5","20","1","Feet","S100NATLCP","Northern Atlantic Coastal Plain aquifer system","US","United States of America","34","New Jersey","029","Ocean County","Cohansey Sand-Kirkwood Formation","WELL","UNCONFINED","NJ WSC NWIS QWDATA DATABASE","1","Yes","0","No","3","Known Changes","1","Surveillance","1","Dedicated Monitoring/Observation","1","Yes","1","Yes","https://waterdata.usgs.gov/monitoring-location/395034074112101","USGS-395034074112101"
"USGS","394018074324701","U.S. Geological Survey","051501-- Maxwell MW48","39.67178505140900313108431874","-74.54598645163770243016188033","NAD27","North American Datum of 1927","S","35","1","Feet","NGVD29","M","5.0","17.5","1","Feet","S100NATLCP","Northern Atlantic Coastal Plain aquifer system","US","United States of America","34","New Jersey","005","Burlington County","Cohansey Sand-Kirkwood Formation","WELL","UNCONFINED","NJ WSC NWIS QWDATA DATABASE","1","Yes","0","No","1","Background","1","Surveillance","1","Dedicated Monitoring/Observation","0","No","0","No","https://waterdata.usgs.gov/monitoring-location/394018074324701","USGS-394018074324701"
"USGS","400204074145401","U.S. Geological Survey","291418-- MW63","40.03467777777780156611697748","-74.24751111111109480589220766","NAD83","North American Datum of 1983","5","63","1","Feet","NAVD88","N","1.6","24","1","Feet","S100NATLCP","Northern Atlantic Coastal Plain aquifer system","US","United States of America","34","New Jersey","029","Ocean County","Cohansey Sand-Kirkwood Formation","WELL","UNCONFINED","NJ WSC NWIS QWDATA DATABASE","1","Yes","0","No","3","Known Changes","1","Surveillance","1","Dedicated Monitoring/Observation","0","No","0","No","https://waterdata.usgs.gov/monitoring-location/400204074145401","USGS-400204074145401"
"USGS","391357074575501","U.S. Geological Survey","111128-- Leesburg MW38","39.23263899999999892997948336","-74.96480599999999583360477118","NAD83","North American Datum of 1983","S","13","1","Feet","NGVD29","M","2.5","15","1","Feet","S100NATLCP","Northern Atlantic Coastal Plain aquifer system","US","United States of America","34","New Jersey","011","Cumberland County","Cohansey Sand-Kirkwood Formation","WELL","UNCONFINED","NJ WSC NWIS QWDATA DATABASE","1","Yes","0","No","3","Known Changes","1","Surveillance","1","Dedicated Monitoring/Observation","0","No","0","No","https://waterdata.usgs.gov/monitoring-location/391357074575501","USGS-391357074575501"
